Workbook

Sheet Last month
A1: ISID | B1: NAME | C1: WIN | D1: DEPT | E1: DIVISION | F1: EMPLOYEE GROUP CODE | G1: EMPLOYEE GROUP NAME | H1: FROM DATE | I1: TO DATE | J1: APPLY DATE | K1: APPROVAL DATE | L1: APPROVAL NAME | M1: TOTAL DAYS | N1: REMAIN DAY | O1: LEAVE TYPE | P1: STATUS | S1: 辅助列
A2: CC | B2: CCCCC | C2: 33333333 | D2: 12630003 | H2: 2025/05/12 | I2: 2025/08/16 | J2: 2025/02/25 | K2: 2025/02/25 | L2: M3 | M2: 97 | N2: - | O2: Maternity Leave | P2: Approved | Q2: 12630003 | R2: D3 | S2: =C2&H2&I2&J2&K2 -> 333333332025/05/122025/08/162025/02/252025/02/25
A3: FF | B3: FFFFFFFF | C3: 66666666 | D3: 12630003 | H3: 2025/06/27 | I3: 2025/07/11 | J3: 2025/04/21 | K3: 2025/04/21 | L3: M3 | M3: 10 | N3: 7 | O3: Annual Leave | P3: Approved | Q3: 12630003 | R3: D3 | S3: =C3&H3&I3&J3&K3 -> 666666662025/06/272025/07/112025/04/212025/04/21

Sheet Sum
A1: ISID | B1: NAME | C1: WIN | D1: DEPT | E1: DIVISION | F1: EMPLOYEE GROUP CODE | G1: EMPLOYEE GROUP NAME | H1: FROM DATE | I1: TO DATE | J1: APPLY DATE | K1: APPROVAL DATE | L1: APPROVAL NAME | M1: TOTAL DAYS | N1: REMAIN DAY | O1: LEAVE TYPE | P1: STATUS
A2: CC | B2: CCCCC | C2: 33333333 | D2: 12630003 | H2: 2025/06/26 | I2: 2025/07/11 | J2: 2025/04/21 | L2: M3 | M2: 11 | N2: 6 | O2: Annual Leave | P2: Cancelled | Q2: 12630172 | R2: D3
A3: CC | B3: CCCCC | C3: 33333333 | D3: 12630003 | H3: 2025/07/30 | I3: 2025/08/04 | J3: 2025/07/22 | L3: M3 | M3: 4 | N3: 11.5 | O3: Annual Leave | P3: Pending Approval | Q3: 12630016 | R3: D3
A4: CC | B4: CCCCC | C4: 33333333 | D4: 12630003 | H4: 2025/05/12 | I4: 2025/08/16 | J4: 2025/02/25 | K4: 2025/02/25 | L4: M3 | M4: 97 | N4: - | O4: Maternity Leave | P4: Approved | Q4: 12630003 | R4: D3
A5: AA | B5: AAAAA | C5: 11111111 | D5: 12630001 | H5: 2025/07/29 | I5: 2025/07/29 | J5: 2025/07/29 | K5: 2025/07/29 | L5: M1 | M5: 1 | N5: - | O5: Sick Leave | P5: Approved | Q5: 12630001 | R5: Dept 1
A6: BB | B6: BBBBB | C6: 22222222 | D6: 12630002 | H6: 2025/07/21 | I6: 2025/07/25 | J6: 2025/07/30 | K6: 2025/07/30 | L6: M2 | M6: 5 | N6: - | O6: Sick Leave | P6: Approved | Q6: 12630002 | R6: Dept 2
A7: CC | B7: CCCCC | C7: 33333333 | D7: 12630003 | H7: 2025/05/12 | I7: 2025/08/16 | J7: 2025/02/25 | K7: 2025/02/25 | L7: M3 | M7: 97 | N7: - | O7: Maternity Leave | P7: Approved | Q7: 12630003 | R7: D3
A8: DD | B8: DDDDD | C8: 44444444 | D8: 12630001 | H8: 45842 | I8: 45842 | J8: 2025/05/15 | K8: 2025/05/15 | L8: M4 | M8: 1 | N8: 12 | O8: Annual Leave | P8: Approved | Q8: 12630001 | R8: D4
A9: EE | B9: EEEEE | C9: 55555555 | D9: 12630001 | H9: 45866 | I9: 45870 | J9: 2025/07/23 | K9: 2025/07/30 | L9: M5 | M9: 5 | N9: 12 | O9: Annual Leave | P9: Approved | Q9: 12630001 | R9: D5
A10: FF | B10: FFFFFFFF | C10: 66666666 | D10: 12630003 | H10: 2025/06/27 | I10: 2025/07/11 | J10: 2025/04/21 | K10: 2025/04/21 | L10: M3 | M10: 10 | N10: 7 | O10: Annual Leave | P10: Approved | Q10: 12630003 | R10: D3 | S10: =C10&H10&I10&J10&K10 -> 666666662025/06/272025/07/112025/04/212025/04/21
A11: FF | B11: FFFFFFFF | C11: 66666666 | D11: 12630003 | H11: 45844 | I11: 45868 | J11: 2025/07/23 | K11: 2025/07/30 | L11: M3 | M11: 23 | O11: Paid Parental Time Off(PPTO) | P11: Approved | Q11: 12630003 | R11: D3 | S11: =C11&H11&I11&J11&K11 -> 6666666645844458682025/07/232025/07/30
A12: FF | B12: FFFFFFFF | C12: 66666666 | D12: 12630003 | H12: 45839 | I12: 45839 | J12: 2025/07/23 | K12: 2025/07/30 | L12: M3 | M12: 2 | O12: Unpaid Leave | P12: Approved | Q12: 12630003 | R12: D3 | S12: =C12&H12&I12&J12&K12 -> 6666666645839458392025/07/232025/07/30

Sheet Approved
A1: ISID | B1: NAME | C1: WIN | D1: DEPT | E1: DIVISION | F1: EMPLOYEE GROUP CODE | G1: EMPLOYEE GROUP NAME | H1: FROM DATE | I1: TO DATE | J1: APPLY DATE | K1: APPROVAL DATE | L1: APPROVAL NAME | M1: TOTAL DAYS | N1: REMAIN DAY | O1: LEAVE TYPE | P1: STATUS | S1: 辅助列 | T1: Vlookup上月
A2: CC | B2: CCCCC | C2: 33333333 | D2: 12630003 | H2: 2025/05/12 | I2: 2025/08/16 | J2: 2025/02/25 | K2: 2025/02/25 | L2: M3 | M2: 97 | N2: - | O2: Maternity Leave | P2: Approved | Q2: 12630003 | R2: D3 | S2: =C2&H2&I2&J2&K2 -> 333333332025/05/122025/08/162025/02/252025/02/25 | T2: =VLOOKUP(S2,'Last month'!S:S,1,0) -> 333333332025/05/122025/08/162025/02/252025/02/25
A3: AA | B3: AAAAA | C3: 11111111 | D3: 12630001 | H3: 2025/07/29 | I3: 2025/07/29 | J3: 2025/07/29 | K3: 2025/07/29 | L3: M1 | M3: 1 | N3: - | O3: Sick Leave | P3: Approved | Q3: 12630001 | R3: Dept 1 | S3: =C3&H3&I3&J3&K3 -> 111111112025/07/292025/07/292025/07/292025/07/29 | T3: =VLOOKUP(S3,'Last month'!S:S,1,0) -> #N/A
A4: BB | B4: BBBBB | C4: 22222222 | D4: 12630002 | H4: 2025/07/21 | I4: 2025/07/25 | J4: 2025/07/30 | K4: 2025/07/30 | L4: M2 | M4: 5 | N4: - | O4: Sick Leave | P4: Approved | Q4: 12630002 | R4: Dept 2 | S4: =C4&H4&I4&J4&K4 -> 222222222025/07/212025/07/252025/07/302025/07/30 | T4: =VLOOKUP(S4,'Last month'!S:S,1,0) -> #N/A
A5: CC | B5: CCCCC | C5: 33333333 | D5: 12630003 | H5: 2025/05/12 | I5: 2025/08/16 | J5: 2025/02/25 | K5: 2025/02/25 | L5: M3 | M5: 97 | N5: - | O5: Maternity Leave | P5: Approved | Q5: 12630003 | R5: D3 | S5: =C5&H5&I5&J5&K5 -> 333333332025/05/122025/08/162025/02/252025/02/25 | T5: =VLOOKUP(S5,'Last month'!S:S,1,0) -> 333333332025/05/122025/08/162025/02/252025/02/25
A6: DD | B6: DDDDD | C6: 44444444 | D6: 12630001 | H6: 45842 | I6: 45842 | J6: 2025/05/15 | K6: 2025/05/15 | L6: M4 | M6: 1 | N6: 12 | O6: Annual Leave | P6: Approved | Q6: 12630001 | R6: D4 | S6: =C6&H6&I6&J6&K6 -> 4444444445842458422025/05/152025/05/15 | T6: =VLOOKUP(S6,'Last month'!S:S,1,0) -> #N/A
A7: EE | B7: EEEEE | C7: 55555555 | D7: 12630001 | H7: 45866 | I7: 45870 | J7: 2025/07/23 | K7: 2025/07/30 | L7: M5 | M7: 5 | N7: 12 | O7: Annual Leave | P7: Approved | Q7: 12630001 | R7: D5 | S7: =C7&H7&I7&J7&K7 -> 5555555545866458702025/07/232025/07/30 | T7: =VLOOKUP(S7,'Last month'!S:S,1,0) -> #N/A
A8: FF | B8: FFFFFFFF | C8: 66666666 | D8: 12630003 | H8: 2025/06/27 | I8: 2025/07/11 | J8: 2025/07/23 | K8: 2025/07/30 | L8: M3 | M8: 10 | N8: 7 | O8: Annual Leave | P8: Approved | Q8: 12630003 | R8: D3 | S8: =C8&H8&I8&J8&K8 -> 666666662025/06/272025/07/112025/07/232025/07/30
A9: FF | B9: FFFFFFFF | C9: 66666666 | D9: 12630003 | H9: 45844 | I9: 45868 | J9: 2025/07/23 | K9: 2025/07/30 | L9: M3 | M9: 23 | O9: Paid Parental Time Off(PPTO) | P9: Approved | Q9: 12630003 | R9: D3 | S9: =C9&H9&I9&J9&K9 -> 6666666645844458682025/07/232025/07/30
A10: FF | B10: FFFFFFFF | C10: 66666666 | D10: 12630003 | H10: 45839 | I10: 45839 | J10: 2025/07/23 | K10: 2025/07/30 | L10: M3 | M10: 2 | O10: Unpaid Leave | P10: Approved | Q10: 12630003 | R10: D3 | S10: =C10&H10&I10&J10&K10 -> 6666666645839458392025/07/232025/07/30

Sheet AL
A1: ISID | B1: NAME | C1: WIN | D1: DEPT | E1: DIVISION | F1: EMPLOYEE GROUP CODE | G1: EMPLOYEE GROUP NAME | H1: FROM DATE | I1: TO DATE | J1: APPLY DATE | K1: APPROVAL DATE | L1: APPROVAL NAME | M1: TOTAL DAYS | N1: REMAIN DAY | O1: LEAVE TYPE | P1: STATUS | Q1: Cost center | R1: Department | S1: 辅助列 | T1: Vlookup上月 | U1: Month
A2: DD | B2: DDDDD | C2: 44444444 | D2: 12630001 | H2: 45842 | I2: 45842 | J2: 2025/05/15 | K2: 2025/05/15 | L2: M4 | M2: 1 | N2: 12 | O2: Annual Leave | P2: Approved | Q2: 12630001 | R2: D4 | S2: 4444444445842458422025/05/152025/05/15 | T2: #N/A | U2: 7月
A3: EE | B3: EEEEE | C3: 55555555 | D3: 12630001 | H3: 45866 | I3: 45870 | J3: 2025/07/23 | K3: 2025/07/30 | L3: M5 | M3: 5 | N3: 12 | O3: Annual Leave | P3: Approved | Q3: 12630001 | R3: D5 | S3: 5555555545866458702025/07/232025/07/30 | T3: #N/A | U3: Delete
C4: 55555555 | H4: 45866 | I4: 45869 | M4: 4 | U4: 7月
C5: 55555555 | H5: 45870 | I5: 45870 | M5: 1 | U5: 8月

Sheet AL Pivot
A3: Sum of TOTAL DAYS | B3: Column Labels
A4: Row Labels | B4: 7月 | C4: 8月 | D4: Delete | E4: Grand Total | I4: Row Labels | J4: 7月_上月 | K4: 8月_当月
A5: 44444444 | B5: 1 | E5: 1 | I5: 44444444 | J5: 1
A6: 55555555 | B6: 4 | C6: 1 | D6: 5 | E6: 10 | I6: 55555555 | J6: 4 | K6: 1
A7: Grand Total | B7: 5 | C7: 1 | D7: 5 | E7: 11

Sheet Maternity
A1: ISID | B1: NAME | C1: WIN | D1: DEPT | E1: DIVISION | F1: EMPLOYEE GROUP CODE | G1: EMPLOYEE GROUP NAME | H1: FROM DATE | I1: TO DATE | J1: APPLY DATE | K1: APPROVAL DATE | L1: APPROVAL NAME | M1: TOTAL DAYS | N1: REMAIN DAY | O1: LEAVE TYPE | P1: STATUS | S1: 辅助列 | T1: Vlookup上月
A2: CC | B2: CCCCC | C2: 33333333 | D2: 12630003 | H2: 2025/05/12 | I2: 2025/08/16 | J2: 2025/02/25 | K2: 2025/02/25 | L2: M3 | M2: 97 | N2: - | O2: Maternity Leave | P2: Approved | Q2: 12630003 | R2: D3 | S2: 333333332025/05/122025/08/162025/02/252025/02/25 | T2: #N/A
H3: 2025/05/12 | I3: 45808 | M3: 20 | N3: 6月结算
H4: 45809 | I4: 45838 | M4: 30 | N4: 7月结算
H5: 45839 | I5: 45869 | M5: 31 | N5: 8月结算

Sheet Sick
A1: ISID | B1: NAME | C1: WIN | D1: DEPT | E1: DIVISION | F1: EMPLOYEE GROUP CODE | G1: EMPLOYEE GROUP NAME | H1: FROM DATE | I1: TO DATE | J1: APPLY DATE | K1: APPROVAL DATE | L1: APPROVAL NAME | M1: TOTAL DAYS | N1: REMAIN DAY | O1: LEAVE TYPE | P1: STATUS | S1: 辅助列 | T1: Vlookup上月
A2: AA | B2: AAAAA | C2: 11111111 | D2: 12630001 | H2: 2025/07/29 | I2: 2025/07/29 | J2: 2025/07/29 | K2: 2025/07/29 | L2: M1 | M2: 1 | N2: - | O2: Sick Leave | P2: Approved | Q2: 12630001 | R2: Dept 1 | S2: 111111112025/07/292025/07/292025/07/292025/07/29 | T2: #N/A
A3: BB | B3: BBBBB | C3: 22222222 | D3: 12630002 | H3: 2025/07/21 | I3: 2025/07/25 | J3: 2025/07/30 | K3: 2025/07/30 | L3: M2 | M3: 5 | N3: - | O3: Sick Leave | P3: Approved | Q3: 12630002 | R3: Dept 2 | S3: 222222222025/07/212025/07/252025/07/302025/07/30 | T3: #N/A
C7: Row Labels | D7: Sum of TOTAL DAYS | H7: 连续四个working days及以上结算病假
C8: 11111111 | D8: 1 | H8: Row Labels | I8: FROM DATE | J8: TO DATE | K8: TOTAL DAYS
C9: 22222222 | D9: 5 | H9: 22222222 | I9: 2025/07/21 | J9: 2025/07/25 | K9: 5
C10: Grand Total | D10: 6

Sheet Unpaid
A1: ISID | B1: NAME | C1: WIN | D1: DEPT | E1: DIVISION | F1: EMPLOYEE GROUP CODE | G1: EMPLOYEE GROUP NAME | H1: FROM DATE | I1: TO DATE | J1: APPLY DATE | K1: APPROVAL DATE | L1: APPROVAL NAME | M1: TOTAL DAYS | N1: REMAIN DAY | O1: LEAVE TYPE | P1: STATUS | S1: 辅助列 | T1: Vlookup上月
A2: FF | B2: FFFFFFFF | C2: 66666666 | D2: 12630003 | H2: 45839 | I2: 45839 | J2: 2025/07/23 | K2: 2025/07/30 | L2: M3 | M2: 2 | O2: Unpaid Leave | P2: Approved | Q2: 12630003 | R2: D3 | S2: =C2&H2&I2&J2&K2 -> 6666666645839458392025/07/232025/07/30

Sheet PPTO
A1: ISID | B1: NAME | C1: WIN | D1: DEPT | E1: DIVISION | F1: EMPLOYEE GROUP CODE | G1: EMPLOYEE GROUP NAME | H1: FROM DATE | I1: TO DATE | J1: APPLY DATE | K1: APPROVAL DATE | L1: APPROVAL NAME | M1: TOTAL DAYS | N1: REMAIN DAY | O1: LEAVE TYPE | P1: STATUS | S1: 辅助列 | T1: Vlookup上月
A2: FF | B2: FFFFFFFF | C2: 66666666 | D2: 12630003 | H2: 45844 | I2: 45868 | J2: 2025/07/23 | K2: 2025/07/30 | L2: M3 | M2: 23 | O2: Paid Parental Time Off(PPTO) | P2: Approved | Q2: 12630003 | R2: D3 | S2: =C2&H2&I2&J2&K2 -> 6666666645844458682025/07/232025/07/30
